2,5,10,20,50,100,200,500,1000,2000,5000
18466666.6666667,8426666.66666667,4296666.66666667,2196666.66666667,869333.333333333,436333.333333333,222000,96400,58600,43000,40833.3333333333
19266666.6666667,8803333.33333333,4470000,2296666.66666667,908666.666666667,453666.666666667,228000,93866.6666666667,50400,31433.3333333333,27400
19400000,8850000,4520000,2323333.33333333,921000,463000,236000,105000,66700,50800,48866.6666666667
19400000,8836666.66666667,4493333.33333333,2303333.33333333,909666.666666667,455333.333333333,229333.333333333,95066.6666666667,52200,34166.6666666667,32100
19600000,8933333.33333333,4550000,2333333.33333333,927666.666666667,463333.333333333,234000,98600,56600,39566.6666666667,39100
19900000,9096666.66666667,4616666.66666667,2366666.66666667,936333.333333333,468666.666666667,236333.333333333,97333.3333333333,52833.3333333333,33766.6666666667,31133.3333333333
20433333.3333333,9313333.33333333,4743333.33333333,2440000,964333.333333333,484333.333333333,245333.333333333,106666.666666667,65266.6666666667,48500,47266.6666666667
18300000,8330000,4233333.33333333,2173333.33333333,861666.666666667,429666.666666667,216666.666666667,89600,48966.6666666667,31700,29700
18466666.6666667,8393333.33333333,4273333.33333333,2193333.33333333,868333.333333333,434666.666666667,219000,90700,49733.3333333333,32400,30566.6666666667
18800000,8536666.66666667,4333333.33333333,2230000,880333.333333333,441333.333333333,222666.666666667,92000,50200,32400,29966.6666666667
19500000,8866666.66666667,4506666.66666667,2313333.33333333,917000,458000,230666.666666667,95400,52000,33533.3333333333,30533.3333333333
19333333.3333333,8836666.66666667,4473333.33333333,2293333.33333333,911333.333333333,455333.333333333,229333.333333333,94633.3333333333,51400,32866.6666666667,29566.6666666667
19366666.6666667,8836666.66666667,4483333.33333333,2293333.33333333,910333.333333333,456333.333333333,230000,94933.3333333333,51600,33100,29800
18200000,8280000,4206666.66666667,2163333.33333333,856333.333333333,428000,215666.666666667,89233.3333333333,48800,31600,28400
19200000,8776666.66666667,4463333.33333333,2293333.33333333,909666.666666667,454333.333333333,229000,96100,54466.6666666667,37300,34300
18833333.3333333,8606666.66666667,4376666.66666667,2243333.33333333,889000,444666.666666667,224000,92533.3333333333,50300,32100,27633.3333333333
19133333.3333333,8736666.66666667,4440000,2276666.66666667,904333.333333333,452000,227666.666666667,94500,52066.6666666667,34033.3333333333,29500
19466666.6666667,8866666.66666667,4506666.66666667,2313333.33333333,917666.666666667,458333.333333333,230666.666666667,95233.3333333333,51600,32666.6666666667,27333.3333333333
18866666.6666667,8606666.66666667,4380000,2253333.33333333,891000,446000,224666.666666667,92866.6666666667,50566.6666666667,32233.3333333333,26966.6666666667
19433333.3333333,8883333.33333333,4520000,2316666.66666667,922000,459666.666666667,231333.333333333,95400,51700,32700,26400
19633333.3333333,8950000,4546666.66666667,2323333.33333333,922000,461333.333333333,232666.666666667,95866.6666666667,51866.6666666667,32600,25633.3333333333
18933333.3333333,8646666.66666667,4383333.33333333,2243333.33333333,889000,446000,225000,92966.6666666667,50666.6666666667,32366.6666666667,26400
18800000,8563333.33333333,4353333.33333333,2240000,890666.666666667,445666.666666667,226000,97733.3333333333,59266.6666666667,43266.6666666667,36100
19566666.6666667,8923333.33333333,4526666.66666667,2323333.33333333,922333.333333333,460666.666666667,232333.333333333,96033.3333333333,52433.3333333333,33566.6666666667,26933.3333333333
19100000,8743333.33333333,4430000,2270000,898666.666666667,451333.333333333,227000,93933.3333333333,51300,32833.3333333333,26300
19766666.6666667,9016666.66666667,4580000,2350000,932333.333333333,466333.333333333,234666.666666667,96933.3333333333,52633.3333333333,33200,26100
19933333.3333333,9090000,4616666.66666667,2370000,942000,469666.666666667,236666.666666667,97433.3333333333,52733.3333333333,33100,26133.3333333333
20533333.3333333,9363333.33333333,4756666.66666667,2443333.33333333,967333.333333333,484666.666666667,244333.333333333,100400,54300,34066.6666666667,27200
19133333.3333333,8730000,4426666.66666667,2266666.66666667,899666.666666667,450333.333333333,227000,94200,51700,33433.3333333333,27833.3333333333
19366666.6666667,8810000,4466666.66666667,2290000,913000,455000,229333.333333333,95000,52033.3333333333,33533.3333333333,28100
18866666.6666667,8616666.66666667,4366666.66666667,2240000,888333.333333333,444666.666666667,224000,92733.3333333333,50633.3333333333,32333.3333333333,27166.6666666667
19300000,8823333.33333333,4480000,2303333.33333333,914333.333333333,458333.333333333,231000,95466.6666666667,52033.3333333333,33233.3333333333,28366.6666666667
581333333.333333,1686666666.66667,1050000000,594333333.333333,251666666.666667,136333333.333333,66300000,26533333.3333333,13600000,7170000,2426666.66666667
19066666.6666667,8663333.33333333,4403333.33333333,2256666.66666667,896000,448000,226000,93700,51633.3333333333,33766.6666666667,31400
18833333.3333333,8576666.66666667,4343333.33333333,2233333.33333333,883000,443000,223333.333333333,92633.3333333333,50833.3333333333,33033.3333333333,30900
18733333.3333333,8543333.33333334,4333333.33333333,2223333.33333333,883333.333333333,440666.666666667,222000,91966.6666666667,50366.6666666667,32600,30300
18066666.6666667,8256666.66666667,4193333.33333333,2146666.66666667,854000,427333.333333333,215666.666666667,89300,48933.3333333333,31733.3333333333,29833.3333333333
19533333.3333333,8950000,4536666.66666667,2323333.33333333,918333.333333333,461000,232666.666666667,96033.3333333333,52333.3333333333,33666.6666666667,31466.6666666667
19166666.6666667,8790000,4466666.66666667,2286666.66666667,906000,453333.333333333,228666.666666667,95066.6666666667,52533.3333333333,34733.3333333333,33200
19000000,8686666.66666667,4406666.66666667,2263333.33333333,899333.333333333,449000,227000,93966.6666666667,51500,33600,31666.6666666667
19100000,8693333.33333333,4410000,2263333.33333333,894333.333333333,448333.333333333,225666.666666667,93566.6666666667,51066.6666666667,33000,30833.3333333333
18566666.6666667,8470000,4296666.66666667,2203333.33333333,871666.666666667,437333.333333333,220333.333333333,91033.3333333333,49600,31800,29133.3333333333
18466666.6666667,8430000,4283333.33333333,2193333.33333333,871333.333333333,435000,219333.333333333,90733.3333333333,49433.3333333333,31800,28866.6666666667
19566666.6666667,8926666.66666667,4536666.66666667,2323333.33333333,922666.666666667,463000,233000,96200,52166.6666666667,33200,29933.3333333333
19566666.6666667,8913333.33333333,4530000,2323333.33333333,923333.333333333,462666.666666667,233333.333333333,97366.6666666667,54366.6666666667,36433.3333333333,33433.3333333333
5960000,3633333.33333333,1830000,940000,373333.333333333,187000,94700,39433.3333333333,21666.6666666667,13600,10200
2473333.33333333,1446666.66666667,772000,448333.333333333,254000,154666.666666667,84966.6666666667,37666.6666666667,22166.6666666667,14933.3333333333,12666.6666666667
7070000,5050000,2580000,1316666.66666667,522666.666666667,262000,132333.333333333,54700,29733.3333333333,18533.3333333333,13833.3333333333
2433333.33333333,1430000,748000,420333.333333333,228000,134666.666666667,72833.3333333333,31466.6666666667,17733.3333333333,11266.6666666667,8386.66666666667
18200000,8340000,4233333.33333333,2166666.66666667,859666.666666667,430666.666666667,217000,89666.6666666667,48666.6666666667,30900,25333.3333333333
16000000,7316666.66666667,3713333.33333333,1896666.66666667,756666.666666667,380000,192666.666666667,84233.3333333333,51633.3333333333,37500,30400
19666666.6666667,8970000,4560000,2343333.33333333,931666.666666667,467000,237666.666666667,104600,65666.6666666667,50966.6666666667,47966.6666666667
19233333.3333333,8766666.66666667,4456666.66666667,2290000,906333.333333333,454333.333333333,229666.666666667,96066.6666666667,54233.3333333333,36600,31266.6666666667
18600000,8473333.33333333,4303333.33333333,2210000,874333.333333333,437666.666666667,220666.666666667,90966.6666666667,49300,31100,24366.6666666667
18133333.3333333,8673333.33333333,4403333.33333333,2253333.33333333,895666.666666667,447000,225333.333333333,93233.3333333333,50800,32266.6666666667,25366.6666666667
19600000,8926666.66666667,4540000,2333333.33333333,925000,464666.666666667,236000,103000,63900,47300,39033.3333333333
18733333.3333333,8610000,4383333.33333333,2253333.33333333,893000,448333.333333333,226000,94066.6666666667,52266.6666666667,34500,28233.3333333333
19600000,8930000,4530000,2330000,928666.666666667,464000,236000,103600,63833.3333333333,46900,37800
19333333.3333333,8793333.33333334,4463333.33333333,2293333.33333333,908000,454666.666666667,229000,94600,51233.3333333333,32300,25433.3333333333
18500000,8463333.33333334,4293333.33333333,2196666.66666667,869333.333333333,436333.333333333,220000,90800,49200,31033.3333333333,24600
18533333.3333333,8473333.33333333,4300000,2210000,877333.333333333,438000,220666.666666667,91066.6666666667,49466.6666666667,31233.3333333333,25166.6666666667
19133333.3333333,8720000,4423333.33333333,2270000,901000,449666.666666667,226666.666666667,93700,50966.6666666667,32366.6666666667,26700
18900000,8630000,4373333.33333333,2243333.33333333,887000,445666.666666667,224666.666666667,92833.3333333333,50433.3333333333,32033.3333333333,26733.3333333333
18700000,8476666.66666667,4320000,2203333.33333333,878333.333333333,439333.333333333,221666.666666667,92766.6666666667,52233.3333333333,35200,32000
18200000,8313333.33333333,4196666.66666667,2130000,844000,423666.666666667,215000,91133.3333333333,53100,37166.6666666667,33800
20066666.6666667,9150000,4633333.33333333,2376666.66666667,942000,470000,237000,97333.3333333333,52733.3333333333,33233.3333333333,28933.3333333333
21066666.6666667,9626666.66666667,4873333.33333333,2503333.33333333,988333.333333333,495000,249000,102333.333333333,55233.3333333333,34633.3333333333,30300
20600000,9406666.66666667,4770000,2443333.33333333,965666.666666667,483000,243000,100166.666666667,54166.6666666667,34233.3333333333,30466.6666666667
20833333.3333333,9530000,4833333.33333333,2476666.66666667,982000,490000,246333.333333333,101233.333333333,54166.6666666667,33700,29433.3333333333
19700000,9016666.66666667,4573333.33333333,2336666.66666667,923666.666666667,461666.666666667,232666.666666667,95966.6666666667,51966.6666666667,32933.3333333333,29500
19566666.6666667,8933333.33333333,4523333.33333333,2316666.66666667,915000,458333.333333333,230333.333333333,95433.3333333333,52233.3333333333,33966.6666666667,31666.6666666667
18633333.3333333,8523333.33333333,4320000,2216666.66666667,880000,438666.666666667,222000,93966.6666666667,54500,38466.6666666667,37366.6666666667
19300000,8793333.33333334,4460000,2286666.66666667,905666.666666667,452333.333333333,228000,94166.6666666667,51400,33066.6666666667,30366.6666666667
19033333.3333333,8666666.66666667,4383333.33333333,2246666.66666667,886333.333333333,444666.666666667,224333.333333333,93500,51800,34366.6666666667,32500
18266666.6666667,8356666.66666667,4273333.33333333,2206666.66666667,945333.333333333,549333.333333333,360333.333333333,212000,149333.333333333,115666.666666667,104166.666666667
18133333.3333333,8316666.66666667,4206666.66666667,2156666.66666667,856666.666666667,429333.333333333,219333.333333333,98933.3333333333,64866.6666666667,52200,53833.3333333333
18966666.6666667,8670000,4393333.33333333,2250000,889666.666666667,445000,224000,92800,50833.3333333333,32966.6666666667,29966.6666666667
22333333.3333333,10166666.6666667,5190000,2660000,1090000,594333.333333333,358666.666666667,220666.666666667,174333.333333333,147000,139000
25866666.6666667,11866666.6666667,6023333.33333333,3080000,1223333.33333333,610333.333333333,306666.666666667,125666.666666667,67900,42733.3333333333,36466.6666666667
19866666.6666667,9090000,4606666.66666667,2360000,934333.333333333,467000,234666.666666667,96633.3333333333,52100,32766.6666666667,27966.6666666667
20300000,9286666.66666667,4710000,2410000,954666.666666667,477333.333333333,240666.666666667,100333.333333333,55700,37033.3333333333,32766.6666666667
20333333.3333333,9270000,4696666.66666667,2413333.33333333,955333.333333333,477333.333333333,240666.666666667,100533.333333333,56633.3333333333,38400,33833.3333333333
26866666.6666667,12266666.6666667,6233333.33333333,3183333.33333333,1256666.66666667,630666.666666667,317000,129666.666666667,69533.3333333333,43100,34633.3333333333
26400000,12100000,6136666.66666667,3130000,1240000,619666.666666667,311666.666666667,126666.666666667,66933.3333333333,40300,30966.6666666667
19066666.6666667,8700000,4410000,2256666.66666667,894333.333333333,447000,225000,93066.6666666667,50766.6666666667,32566.6666666667,27300
18900000,8646666.66666667,4373333.33333333,2243333.33333333,884666.666666667,443333.333333333,223333.333333333,92533.3333333333,50733.3333333333,32733.3333333333,27000
22333333.3333333,10190000,5163333.33333333,2643333.33333333,1046666.66666667,522333.333333333,263000,108000,58533.3333333333,36800,29200
20066666.6666667,9183333.33333333,4646666.66666667,2380000,942333.333333333,470666.666666667,237333.333333333,98233.3333333333,53633.3333333333,34500,28000
19666666.6666667,8983333.33333333,4543333.33333333,2323333.33333333,917666.666666667,460333.333333333,231666.666666667,95900,52366.6666666667,33666.6666666667,27433.3333333333
18066666.6666667,8230000,4163333.33333333,2140000,847333.333333333,423333.333333333,214000,88900,49400,32700,27800
23900000,10933333.3333333,5543333.33333333,2833333.33333333,1126666.66666667,561000,282000,115666.666666667,62000,38433.3333333333,29800
19666666.6666667,8993333.33333333,4563333.33333333,2333333.33333333,923333.333333333,462333.333333333,233000,96600,53133.3333333333,34433.3333333333,28433.3333333333
18033333.3333333,8230000,4160000,2133333.33333333,842333.333333333,422000,213000,88533.3333333333,49100,32433.3333333333,27500
18233333.3333333,8320000,4200000,2146666.66666667,854333.333333333,426000,214666.666666667,89100,48966.6666666667,31800,26333.3333333333
23033333.3333333,10500000,5330000,2730000,1080000,540000,272000,112000,60433.3333333333,38166.6666666667,31000
24033333.3333333,10966666.6666667,5570000,2850000,1126666.66666667,564666.666666667,284000,117000,63766.6666666667,40800,33733.3333333333
18200000,8293333.33333333,4206666.66666667,2153333.33333333,850666.666666667,424333.333333333,213666.666666667,88600,48666.6666666667,31600,28033.3333333333
17466666.6666667,7966666.66666667,4046666.66666667,2080000,820000,411000,208000,89666.6666666667,54033.3333333333,39666.6666666667,37866.6666666667
18233333.3333333,8290000,4190000,2153333.33333333,849000,425666.666666667,214666.666666667,89266.6666666667,49333.3333333333,32466.6666666667,29766.6666666667
5683333.33333333,2580000,1303333.33333333,675000,277333.333333333,141333.333333333,74100,32866.6666666667,18500,11866.6666666667,9126.66666666667
21800000,9963333.33333334,5043333.33333333,2583333.33333333,1022666.66666667,510666.666666667,256666.666666667,105933.333333333,57233.3333333333,36266.6666666667,31833.3333333333
1806666.66666667,839666.666666667,432333.333333333,235333.333333333,119000,85066.6666666667,56133.3333333333,27733.3333333333,16433.3333333333,11066.6666666667,8730
20000000,9146666.66666667,4623333.33333333,2366666.66666667,935000,467666.666666667,235333.333333333,97166.6666666667,52866.6666666667,33900,30366.6666666667
1830000,844000,427666.666666667,231000,119333.333333333,79566.6666666667,51866.6666666667,25966.6666666667,15600,10633.3333333333,8463.33333333334
18333333.3333333,8363333.33333333,4233333.33333333,2176666.66666667,857000,429666.666666667,216666.666666667,90000,49666.6666666667,32700,30533.3333333333
1723333.33333333,790333.333333333,403000,209000,82333.3333333333,42133.3333333333,21266.6666666667,9023.33333333333,5136.66666666667,3316.66666666667,2640
17700000,8063333.33333333,4090000,2096666.66666667,829666.666666667,414666.666666667,209000,86833.3333333333,47933.3333333333,31433.3333333333,29300
4010000,1796666.66666667,898666.666666667,461000,181333.333333333,91633.3333333333,46800,20366.6666666667,12166.6666666667,8140,6386.66666666667
18000000,8210000,4140000,2123333.33333333,838000,419333.333333333,211666.666666667,88233.3333333333,49033.3333333333,32600,30366.6666666667
3043333.33333333,1390000,705000,366333.333333333,157666.666666667,88100,50233.3333333333,24000,14866.6666666667,9893.33333333333,7550
13866666.6666667,6350000,3206666.66666667,1640000,650333.333333333,326333.333333333,165333.333333333,68866.6666666667,38433.3333333333,25466.6666666667,23033.3333333333
5610000,2823333.33333333,1420000,724000,287666.666666667,144000,73033.3333333333,31066.6666666667,17866.6666666667,11633.3333333333,8750
8746666.66666667,4016666.66666667,2026666.66666667,1033333.33333333,411666.666666667,206666.666666667,104333.333333333,43733.3333333333,24600,16200,13700
18233333.3333333,8333333.33333333,4220000,2156666.66666667,853333.333333333,427000,215333.333333333,89200,48833.3333333333,31500,27200
18400000,8373333.33333333,4230000,2166666.66666667,857000,429000,216000,89633.3333333333,49300,32066.6666666667,27766.6666666667
17566666.6666667,8040000,4070000,2086666.66666667,827666.666666667,413000,208333.333333333,86366.6666666667,47500,30900,26466.6666666667
18133333.3333333,8283333.33333333,4186666.66666667,2146666.66666667,848000,425000,214000,88766.6666666667,48766.6666666667,31700,26900
17566666.6666667,8010000,4050000,2076666.66666667,821000,411000,207000,86300,48000,31833.3333333333,27466.6666666667
17800000,8136666.66666667,4110000,2106666.66666667,837000,417000,210000,87333.3333333333,48333.3333333333,31733.3333333333,26900
19533333.3333333,8886666.66666667,4500000,2303333.33333333,910000,455333.333333333,229333.333333333,94500,51166.6666666667,32333.3333333333,26100
18300000,8386666.66666667,4243333.33333333,2173333.33333333,858000,429666.666666667,216666.666666667,89500,48900,31400,25833.3333333333
48966666.6666667,24400000,14900000,8030000,3153333.33333333,1583333.33333333,797333.333333333,323333.333333333,166333.333333333,92133.3333333333,53633.3333333333
20066666.6666667,9190000,4663333.33333333,2383333.33333333,947000,474333.333333333,239000,98400,52600,32766.6666666667,25666.6666666667
24833333.3333333,11366666.6666667,5766666.66666667,2950000,1166666.66666667,583666.666666667,293666.666666667,120000,63933.3333333333,39066.6666666667,29533.3333333333
18733333.3333333,8546666.66666667,4330000,2216666.66666667,879666.666666667,439000,221666.666666667,92133.3333333333,51066.6666666667,33766.6666666667,28666.6666666667
53133333.3333333,46600000,23700000,12233333.3333333,4840000,2413333.33333333,1213333.33333333,490666.666666667,249333.333333333,134333.333333333,70733.3333333333
50000000,25000000,15666666.6666667,8063333.33333333,3176666.66666667,1580000,794666.666666667,321666.666666667,165000,90900,51966.6666666667
15033333.3333333,6870000,3476666.66666667,1773333.33333333,705666.666666667,353333.333333333,178333.333333333,73433.3333333333,39466.6666666667,24600,18366.6666666667
16300000,7416666.66666667,3743333.33333333,1896666.66666667,754333.333333333,378000,191000,79266.6666666667,43666.6666666667,28400,24700
19000000,8656666.66666667,4390000,2250000,891333.333333333,444666.666666667,223666.666666667,92433.3333333333,50400,32366.6666666667,28833.3333333333
18466666.6666667,8426666.66666667,4276666.66666667,2196666.66666667,867333.333333333,434000,218666.666666667,90266.6666666667,49333.3333333333,31966.6666666667,28966.6666666667
18800000,8580000,4353333.33333333,2236666.66666667,884000,442333.333333333,222333.333333333,91966.6666666667,50233.3333333333,32466.6666666667,29600
19233333.3333333,8796666.66666667,4463333.33333333,2293333.33333333,909333.333333333,453000,228333.333333333,94300,51600,33500,31133.3333333333
31966666.6666667,14700000,7466666.66666667,3816666.66666667,1503333.33333333,751333.333333333,377333.333333333,153333.333333333,80566.6666666667,47500,37766.6666666667
122666666.666667,56500000,28833333.3333333,14800000,5866666.66666667,2926666.66666667,1466666.66666667,593000,303666.666666667,168000,101266.666666667
18766666.6666667,8570000,4350000,2226666.66666667,884666.666666667,440666.666666667,221666.666666667,91600,49833.3333333333,31966.6666666667,29200
19366666.6666667,8820000,4480000,2300000,910333.333333333,454666.666666667,228666.666666667,94366.6666666667,51233.3333333333,32700,29700
18133333.3333333,8260000,4180000,2143333.33333333,846666.666666667,424000,214000,88600,48633.3333333333,31700,29366.6666666667
18000000,8213333.33333333,4163333.33333333,2130000,846666.666666667,422666.666666667,213000,88433.3333333333,49000,32600,30766.6666666667
17866666.6666667,8196666.66666667,4143333.33333333,2126666.66666667,845333.333333333,422666.666666667,214000,91400,54200,39433.3333333333,39100
16666666.6666667,7623333.33333333,3870000,1986666.66666667,788333.333333333,395333.333333333,200000,86200,51966.6666666667,38233.3333333333,37233.3333333333
16866666.6666667,7686666.66666667,3893333.33333333,1996666.66666667,791000,395333.333333333,199333.333333333,82766.6666666667,45833.3333333333,30300,28100
17833333.3333333,8176666.66666667,4133333.33333333,2116666.66666667,840333.333333333,419333.333333333,211000,87466.6666666667,48100,31466.6666666667,28533.3333333333
22833333.3333333,10466666.6666667,5320000,2723333.33333333,1080000,541666.666666667,274666.666666667,118333.333333333,71966.6666666667,53466.6666666667,49200
7143333.33333333,3256666.66666667,1646666.66666667,836333.333333333,338666.666666667,177000,98000,48266.6666666667,29600,19566.6666666667,16266.6666666667
19000000,8676666.66666667,4393333.33333333,2240000,891666.666666667,446000,225000,94066.6666666667,53066.6666666667,36100,32233.3333333333
18233333.3333333,8340000,4230000,2170000,861333.333333333,432000,217333.333333333,90433.3333333333,49866.6666666667,32666.6666666667,27600
51066666.6666667,25866666.6666667,18833333.3333333,9680000,3793333.33333333,1913333.33333333,960333.333333333,390000,200666.666666667,111666.666666667,68000
20233333.3333333,9240000,4683333.33333333,2403333.33333333,952333.333333333,476000,239666.666666667,98300,52700,32600,26033.3333333333
23366666.6666667,10700000,5433333.33333333,2776666.66666667,1100000,549666.666666667,277333.333333333,114000,62100,39666.6666666667,32566.6666666667
24966666.6666667,11433333.3333333,5796666.66666667,2973333.33333333,1176666.66666667,589333.333333333,296000,120666.666666667,64233.3333333333,38966.6666666667,29966.6666666667
18966666.6666667,8670000,4383333.33333333,2246666.66666667,890666.666666667,445000,224666.666666667,93000,51133.3333333333,33266.6666666667,27900
25066666.6666667,11500000,5830000,2983333.33333333,1176666.66666667,591666.666666667,298000,121666.666666667,64400,39033.3333333333,29366.6666666667
6056666.66666667,2866666.66666667,1616666.66666667,1046666.66666667,620666.666666667,355000,188000,79466.6666666667,43500,27433.3333333333,21233.3333333333
22733333.3333333,10400000,5290000,2710000,1076666.66666667,537666.666666667,270666.666666667,111000,60233.3333333333,38066.6666666667,30366.6666666667
6006666.66666667,2773333.33333333,1473333.33333333,852000,434666.666666667,241666.666666667,125666.666666667,52466.6666666667,28366.6666666667,17233.3333333333,12700
20433333.3333333,9353333.33333333,4726666.66666667,2423333.33333333,960000,481333.333333333,242333.333333333,100133.333333333,54033.3333333333,34066.6666666667,27266.6666666667
20233333.3333333,9270000,4713333.33333333,2413333.33333333,961000,479666.666666667,242333.333333333,102600,59666.6666666667,42300,37900
19166666.6666667,8756666.66666667,4426666.66666667,2273333.33333333,900666.666666667,451333.333333333,227666.666666667,94066.6666666667,51366.6666666667,32900,27233.3333333333
19933333.3333333,9106666.66666667,4603333.33333333,2363333.33333333,936666.666666667,469666.666666667,236333.333333333,97433.3333333333,53166.6666666667,33933.3333333333,28100
21866666.6666667,9990000,5083333.33333333,2603333.33333333,1031333.33333333,514666.666666667,259000,107000,57866.6666666667,36766.6666666667,31600
19300000,8813333.33333333,4463333.33333333,2280000,904000,452666.666666667,227666.666666667,94566.6666666667,52100,34300,31300
23600000,10800000,5470000,2800000,1106666.66666667,555000,279333.333333333,114666.666666667,61933.3333333333,39033.3333333333,33800
24600000,11266666.6666667,5710000,2916666.66666667,1156666.66666667,577333.333333333,290666.666666667,119666.666666667,64466.6666666667,40466.6666666667,34933.3333333333
20200000,9230000,4673333.33333333,2386666.66666667,946666.666666667,472666.666666667,238333.333333333,98300,53666.6666666667,34733.3333333333,31566.6666666667
22666666.6666667,10433333.3333333,5290000,2703333.33333333,1070000,535333.333333333,269000,111000,59600,37600,33233.3333333333
22033333.3333333,10100000,5136666.66666667,2633333.33333333,1043333.33333333,520333.333333333,262000,110000,62466.6666666667,43166.6666666667,42100
19700000,9093333.33333333,4590000,2340000,924333.333333333,461666.666666667,232333.333333333,96000,52466.6666666667,33933.3333333333,31300
22033333.3333333,10113333.3333333,5150000,2636666.66666667,1040000,523000,264000,112333.333333333,65433.3333333333,47000,45800
22966666.6666667,10533333.3333333,5346666.66666667,2726666.66666667,1080000,541000,272000,112000,60100,38133.3333333333,34066.6666666667
19566666.6666667,8950000,4536666.66666667,2316666.66666667,919666.666666667,459000,231000,95266.6666666667,51766.6666666667,33233.3333333333,30166.6666666667
22533333.3333333,10333333.3333333,5256666.66666667,2686666.66666667,1063333.33333333,532333.333333333,268000,110000,59300,37500,33466.6666666667
19633333.3333333,8990000,4540000,2316666.66666667,917666.666666667,459666.666666667,231666.666666667,95733.3333333333,52300,33966.6666666667,30800
19900000,9116666.66666667,4610000,2356666.66666667,933333.333333333,466333.333333333,235333.333333333,97033.3333333333,52900,33966.6666666667,30133.3333333333
22566666.6666667,10433333.3333333,5286666.66666667,2696666.66666667,1073333.33333333,535000,269000,111000,59533.3333333333,37500,32366.6666666667
22433333.3333333,10300000,5230000,2650000,1056666.66666667,528333.333333333,265333.333333333,109333.333333333,58800,37366.6666666667,32366.6666666667
21666666.6666667,9990000,5053333.33333333,2583333.33333333,1029000,512333.333333333,257333.333333333,106333.333333333,57700,36833.3333333333,31133.3333333333
18166666.6666667,8306666.66666667,4206666.66666667,2153333.33333333,851666.666666667,426000,214666.666666667,88766.6666666667,48733.3333333333,31600,27366.6666666667
23700000,10866666.6666667,5503333.33333333,2820000,1120000,559666.666666667,283000,121000,71633.3333333333,52100,47200
15133333.3333333,6913333.33333333,3503333.33333333,1796666.66666667,715000,357000,179666.666666667,75166.6666666667,42000,28133.3333333333,24166.6666666667
505333333.333333,264666666.666667,144666666.666667,204133333.333333,108333333.333333,53766666.6666667,26466666.6666667,11000000,5833333.33333333,2850000,942666.666666667
17066666.6666667,7810000,3956666.66666667,2026666.66666667,803333.333333333,401333.333333333,202333.333333333,83733.3333333333,45933.3333333333,29800,24800
17733333.3333333,8096666.66666667,4090000,2096666.66666667,833000,415333.333333333,209333.333333333,86700,47533.3333333333,30733.3333333333,25300
19066666.6666667,8686666.66666667,4393333.33333333,2253333.33333333,888666.666666667,444666.666666667,224000,92233.3333333333,50033.3333333333,31533.3333333333,24733.3333333333
16466666.6666667,7540000,3816666.66666667,1956666.66666667,773333.333333333,387333.333333333,195333.333333333,81366.6666666667,45366.6666666667,30166.6666666667,25200
25100000,11466666.6666667,5836666.66666667,2990000,1186666.66666667,590666.666666667,296666.666666667,121333.333333333,64200,38933.3333333333,28866.6666666667
20133333.3333333,9183333.33333333,4646666.66666667,2383333.33333333,941666.666666667,471000,237000,97266.6666666667,52800,33200,26300
19900000,9103333.33333333,4616666.66666667,2363333.33333333,934333.333333333,467666.666666667,235333.333333333,96633.3333333333,52100,32600,25800
19200000,8780000,4450000,2283333.33333333,905333.333333333,452000,228666.666666667,97333.3333333333,57066.6666666667,40433.3333333333,35200
18066666.6666667,8260000,4176666.66666667,2136666.66666667,848000,423333.333333333,213333.333333333,88966.6666666667,49666.6666666667,33166.6666666667,28666.6666666667
20533333.3333333,9363333.33333333,4733333.33333333,2423333.33333333,955000,478666.666666667,241000,99133.3333333333,53466.6666666667,33600,27433.3333333333
17933333.3333333,8123333.33333333,4116666.66666667,2096666.66666667,834000,416666.666666667,209666.666666667,86800,47400,30466.6666666667,25766.6666666667
20733333.3333333,9423333.33333333,4770000,2433333.33333333,964666.666666667,483000,244000,100500,54800,34666.6666666667,29766.6666666667
19300000,8796666.66666667,4470000,2296666.66666667,911000,454333.333333333,228333.333333333,94400,51333.3333333333,32733.3333333333,29000
18733333.3333333,8553333.33333333,4346666.66666667,2236666.66666667,885333.333333333,443333.333333333,224666.666666667,96433.3333333333,57633.3333333333,41700,39233.3333333333
23700000,10800000,5493333.33333333,2820000,1116666.66666667,557666.666666667,280000,114666.666666667,61266.6666666667,37766.6666666667,32266.6666666667
26266666.6666667,11966666.6666667,6106666.66666667,3130000,1246666.66666667,620666.666666667,311333.333333333,127333.333333333,67866.6666666667,41666.6666666667,35266.6666666667
15033333.3333333,6846666.66666667,3470000,1783333.33333333,705333.333333333,352666.666666667,178000,73866.6666666667,40833.3333333333,26733.3333333333,24866.6666666667
18266666.6666667,8303333.33333333,4206666.66666667,2163333.33333333,852666.666666667,427000,215333.333333333,89000,48733.3333333333,31466.6666666667,29233.3333333333
17833333.3333333,8130000,4126666.66666667,2120000,842666.666666667,419666.666666667,211666.666666667,87666.6666666667,48233.3333333333,31466.6666666667,29533.3333333333
52366666.6666667,40266666.6666667,20433333.3333333,10500000,4190000,2083333.33333333,1042666.66666667,422666.666666667,218333.333333333,122333.333333333,78466.6666666667
50500000,25533333.3333333,16766666.6666667,8606666.66666667,3416666.66666667,1696666.66666667,854000,348333.333333333,184000,110666.666666667,83066.6666666667
22566666.6666667,10266666.6666667,5223333.33333333,2683333.33333333,1066666.66666667,533000,268333.333333333,112000,62733.3333333333,41933.3333333333,38533.3333333333
16900000,7736666.66666667,3920000,2013333.33333333,801666.666666667,400333.333333333,202333.333333333,84800,47966.6666666667,32700,31433.3333333333
21300000,9716666.66666667,4930000,2536666.66666667,1005333.33333333,504333.333333333,256000,111333.333333333,67633.3333333333,49800,46100
21400000,9746666.66666667,4953333.33333333,2550000,1011000,507000,256666.666666667,110333.333333333,65866.6666666667,47900,44333.3333333333
19800000,9033333.33333333,4580000,2353333.33333333,935666.666666667,467000,235333.333333333,98133.3333333333,54533.3333333333,36200,32633.3333333333
18700000,8516666.66666667,4310000,2206666.66666667,875000,438666.666666667,221000,91566.6666666667,50133.3333333333,32433.3333333333,28666.6666666667
21333333.3333333,9753333.33333333,4936666.66666667,2523333.33333333,1001333.33333333,502000,252666.666666667,104133.333333333,56166.6666666667,35433.3333333333,29900
18800000,8553333.33333333,4333333.33333333,2223333.33333333,881666.666666667,440666.666666667,221666.666666667,91733.3333333333,50000,31966.6666666667,27100
20833333.3333333,9513333.33333333,4820000,2470000,978666.666666667,490333.333333333,247000,102766.666666667,56900,37800,33266.6666666667
19166666.6666667,8743333.33333333,4420000,2260000,900000,448666.666666667,225666.666666667,93366.6666666667,50933.3333333333,32533.3333333333,27066.6666666667
21533333.3333333,9813333.33333333,4976666.66666667,2550000,1009333.33333333,506333.333333333,255000,105133.333333333,56700,35566.6666666667,28700
18466666.6666667,8440000,4260000,2183333.33333333,865000,433666.666666667,218666.666666667,90333.3333333333,49233.3333333333,31300,25533.3333333333
24766666.6666667,11333333.3333333,5750000,2933333.33333333,1170000,583000,293666.666666667,120666.666666667,64433.3333333333,39766.6666666667,30666.6666666667
24266666.6666667,11100000,5660000,2896666.66666667,1150000,573333.333333333,288333.333333333,118000,62733.3333333333,38300,29333.3333333333
22833333.3333333,10433333.3333333,5280000,2693333.33333333,1070000,536000,270000,111000,59600,37366.6666666667,29533.3333333333
19400000,8873333.33333333,4516666.66666667,2320000,921333.333333333,458666.666666667,231000,95433.3333333333,51900,32933.3333333333,26266.6666666667
27666666.6666667,12700000,6450000,3283333.33333333,1306666.66666667,652000,327333.333333333,133333.333333333,70566.6666666667,42533.3333333333,31166.6666666667
19000000,8783333.33333333,4483333.33333333,2296666.66666667,915666.666666667,458666.666666667,231000,95233.3333333333,51466.6666666667,32533.3333333333,26266.6666666667
23266666.6666667,10633333.3333333,5406666.66666667,2763333.33333333,1100000,549666.666666667,276000,113000,60066.6666666667,36500,27700
25233333.3333333,11566666.6666667,5870000,3006666.66666667,1196666.66666667,597333.333333333,300000,122666.666666667,64600,38833.3333333333,29333.3333333333
24866666.6666667,11400000,5800000,2966666.66666667,1180000,589333.333333333,297000,121666.666666667,65533.3333333333,40900,32366.6666666667
22633333.3333333,10333333.3333333,5240000,2680000,1060000,532333.333333333,267666.666666667,109666.666666667,58500,35800,28133.3333333333
26366666.6666667,12066666.6666667,6120000,3123333.33333333,1236666.66666667,617666.666666667,310666.666666667,126666.666666667,67333.3333333333,40800,32966.6666666667
19600000,8923333.33333333,4526666.66666667,2323333.33333333,921333.333333333,461000,232000,95833.3333333333,52200,33466.6666666667,29666.6666666667
24500000,11200000,5686666.66666667,2913333.33333333,1153333.33333333,578333.333333333,291000,119000,63600,39033.3333333333,32833.3333333333
50933333.3333333,25866666.6666667,16766666.6666667,8590000,3393333.33333333,1703333.33333333,861000,350666.666666667,181000,101233.333333333,63200
26966666.6666667,12333333.3333333,6280000,3213333.33333333,1276666.66666667,637333.333333333,320333.333333333,130333.333333333,69033.3333333333,41766.6666666667,34866.6666666667
20733333.3333333,9470000,4783333.33333333,2453333.33333333,971000,487666.666666667,246000,102366.666666667,57400,38300,35266.6666666667
22833333.3333333,10466666.6666667,5313333.33333333,2723333.33333333,1083333.33333333,542666.666666667,274000,115000,64100,42000,37433.3333333333
22100000,10103333.3333333,5113333.33333333,2616666.66666667,1039666.66666667,519000,261666.666666667,107000,57600,36133.3333333333,32266.6666666667
27066666.6666667,12400000,6300000,3226666.66666667,1276666.66666667,639666.666666667,321333.333333333,131333.333333333,69100,41633.3333333333,34700
24600000,11300000,5733333.33333333,2940000,1166666.66666667,584000,293666.666666667,120000,63833.3333333333,39000,33300
25633333.3333333,11766666.6666667,5976666.66666667,3060000,1216666.66666667,608333.333333333,306000,124666.666666667,66666.6666666667,41300,35666.6666666667
18800000,8543333.33333334,4313333.33333333,2213333.33333333,878333.333333333,439666.666666667,221666.666666667,91466.6666666667,49700,31666.6666666667,28266.6666666667
52666666.6666667,48866666.6666667,24866666.6666667,12900000,5096666.66666667,2576666.66666667,1296666.66666667,526333.333333333,269666.666666667,148666.666666667,89633.3333333333
28866666.6666667,13266666.6666667,6736666.66666667,3443333.33333333,1363333.33333333,681000,342666.666666667,140000,74066.6666666667,44300,35500
18233333.3333333,8326666.66666667,4220000,2173333.33333333,862666.666666667,432666.666666667,219666.666666667,95366.6666666667,58133.3333333333,42433.3333333333,38500
6336666.66666667,3073333.33333333,1570000,806666.666666667,322666.666666667,163000,82566.6666666667,33833.3333333333,17866.6666666667,10500,7256.66666666667
19933333.3333333,9130000,4623333.33333333,2373333.33333333,942666.666666667,471333.333333333,237666.666666667,98366.6666666667,53833.3333333333,34866.6666666667,30200
17633333.3333333,8030000,4073333.33333333,2093333.33333333,830666.666666667,416333.333333333,212000,92766.6666666667,57166.6666666667,41933.3333333333,37133.3333333333
19300000,8810000,4460000,2290000,907333.333333333,454000,228666.666666667,94333.3333333333,51166.6666666667,32500,26966.6666666667
18400000,8400000,4263333.33333333,2193333.33333333,871666.666666667,435666.666666667,222000,97866.6666666667,61933.3333333333,46933.3333333333,41766.6666666667
19133333.3333333,8746666.66666667,4433333.33333333,2280000,901333.333333333,451666.666666667,227666.666666667,93900,51000,32333.3333333333,26300
23800000,10866666.6666667,5500000,2823333.33333333,1116666.66666667,558333.333333333,281000,115666.666666667,61533.3333333333,37600,28866.6666666667
550333333.333333,2183333333.33333,1560000000,1206666666.66667,583666666.666667,295333333.333333,144666666.666667,55400000,24800000,8646666.66666667,1833333.33333333
18800000,8546666.66666667,4330000,2230000,881000,440333.333333333,221333.333333333,91166.6666666667,49333.3333333333,30966.6666666667,24433.3333333333
539666666.666667,273000000,143333333.333333,723266666.666667,522333333.333333,261666666.666667,116666666.666667,50933333.3333333,23866666.6666667,7700000,1633333.33333333
18900000,8603333.33333333,4356666.66666667,2250000,894000,444666.666666667,224000,92433.3333333333,50266.6666666667,31800,25500
50966666.6666667,25666666.6666667,23133333.3333333,11900000,4753333.33333333,2356666.66666667,1176666.66666667,474333.333333333,240666.666666667,130000,69866.6666666667
21500000,9820000,4980000,2550000,1010000,506000,254666.666666667,104133.333333333,56033.3333333333,34866.6666666667,27400
18966666.6666667,8670000,4390000,2253333.33333333,896666.666666667,447000,224666.666666667,92766.6666666667,50366.6666666667,31966.6666666667,26033.3333333333
18633333.3333333,8516666.66666667,4310000,2213333.33333333,880000,438666.666666667,220666.666666667,91200,49633.3333333333,31466.6666666667,25566.6666666667
22400000,10180000,5180000,2660000,1053333.33333333,528000,266666.666666667,113000,65966.6666666667,46066.6666666667,39066.6666666667
22766666.6666667,10333333.3333333,5266666.66666667,2683333.33333333,1073333.33333333,534000,268333.333333333,110333.333333333,58866.6666666667,36333.3333333333,29366.6666666667
